{
"headers":[
    {"name":"First Name",  "dataField":"firstname",  "width":"100px"},
    {"name":"Short Name",  "dataField":"shortname",  "width":"100px"},
    {"name":"Website",  "dataField":"website",  "width":"100px"},
    {"name":"Address",  "dataField":"address",  "width":"200px"},
    {"name":"Country",  "dataField":"country",  "width":"100px"},
    {"name":"State",  "dataField":"state",  "width":"100px"},
    {"name":"City",  "dataField":"city",  "width":"100px"},
    {"name":"Image",  "dataField":"image",  "width":"100px","render":"img"},
    {"name":"Mobile Number",  "dataField":"mobile",  "width":"150px"},
    {"name":"Office Phone",  "dataField":"phone",  "width":"100px"},
    {"name":"Tier",  "dataField": "tier",  "width":"100px"}
],
"data":[
    {"firstname":"Pfizer PfizerPfizerPfizerPfizerPfizerPfizerPfizerPfizerPfizerPfizerPfizerPfizerPfizerPfizer",
    "shortname":"pfi",
    "website":"https://www.pfizer.com/",
    "address":"Whitefield, Bengaluru",
    "country":"Srilanka",
    "state":"Karnataka",
    "city":"Bengaluru",
    "image":"http://edcadp.000webhostapp.com/php/upload/635ad02cc7121.jpeg",
    "mobile":"+91-7777777777",
    "phone":"+91-9999999999",
    "tier":"Tier 3"},

    {"firstname":"Calpol",
    "shortname":"cal",
    "website":"https://www.pfizer.com/",
    "address":"North Usmaan Road, East Hyderabad",
    "country":"India",
    "state":"Telangana",
    "city":"Hyderabad",
    "image":"http://edcadp.000webhostapp.com/php/upload/635acaaf07423.png",
    "mobile":"+91-8888888888",
    "phone":"+91-9999999999",
    "tier":"Tier 3"}
]

}