{
    "rolename": {
        "type": "text",
        "label": "Role Name", 
        "required": true
    },
    "roledesc": {
        "type": "text",
        "label": "Role Description", 
        "required": true
    },
    "permissiontype": {
        "type": "select",
        "label": "Permission Type",
        "required": true,
        "options": [
            {
                "label": "User Management",
                "value": "um"
            },
            {
                "label": "Client Management",
                "value": "cm"
            },
            {
                "label": "Form Creation",
                "value": "fc"
            }
        ]
    } 

}

